24/11/2008;00:00;176.405474;193.744917;168.895176;190.456998;594277
01/12/2008;00:00;189.038002;189.038002;140.169152;144.460751;813621
08/12/2008;00:00;144.114654;170.002685;143.803167;161.21183;884457
15/12/2008;00:00;161.869413;173.221384;141.84073;148.811387;751914
22/12/2008;00:00;148.395229;150.649421;121.830437;131.436765;305035
29/12/2008;00:00;133.170759;162.093783;128.107496;161.330826;460467
05/01/2009;00:00;163.13418;175.02938;136.569388;139.968017;894993
12/01/2009;00:00;140.626934;141.493931;119.086284;123.045153;778804
19/01/2009;00:00;123.510902;136.813868;113.846604;133.844716;809136
26/01/2009;00:00;134.048481;141.442252;116.961302;121.531468;914293
02/02/2009;00:00;121.531468;124.238636;112.362028;116.553772;799091
09/02/2009;00:00;116.088022;123.510902;97.661814;110.644577;860450
16/02/2009;00:00;110.06239;111.755745;97.106115;104.117009;609491
23/02/2009;00:00;103.933889;118.505038;98.492598;115.418152;950212
02/03/2009;00:00;115.993673;121.121043;103.175247;119.28984;897581
09/03/2009;00:00;119.708401;127.739537;110.081501;119.62992;910019
16/03/2009;00:00;118.243438;136.099492;114.110149;133.581986;739528
23/03/2009;00:00;133.915941;140.415218;132.60581;134.609539;795414
30/03/2009;00:00;134.224207;138.462866;121.405474;134.789361;847982
06/04/2009;00:00;134.609539;137.692201;121.688051;134.070074;636021
13/04/2009;00:00;133.581986;136.828017;125.464311;134.513693;647741
20/04/2009;00:00;134.385119;134.77084;120.139165;132.405086;820950
27/04/2009;00:00;132.302227;137.959465;123.456364;135.285134;814910
04/05/2009;00:00;135.310849;151.073971;135.156561;150.791109;908944
11/05/2009;00:00;150.405389;154.494029;144.182427;145.211016;809468
18/05/2009;00:00;145.211016;158.338655;144.311;156.532995;829202
25/05/2009;00:00;156.405835;169.477803;151.395762;169.477803;787566
01/06/2009;00:00;169.070893;178.836721;165.179821;173.902943;966059
08/06/2009;00:00;173.750352;186.237387;169.833849;183.745067;871227
15/06/2009;00:00;183.617908;185.16925;175.479718;178.073766;863578
22/06/2009;00:00;176.878469;181.30361;168.791143;176.598719;973595
29/06/2009;00:00;176.115514;186.618865;166.324254;166.909187;868267
06/07/2009;00:00;166.6803;166.96005;149.335783;151.726376;975417
13/07/2009;00:00;152.235013;162.738364;148.318509;161.288749;872206
20/07/2009;00:00;161.187022;177.528227;160.703817;177.121809;113595
27/07/2009;00:00;176.537584;181.439995;164.319659;180.728764;126446
03/08/2009;00:00;180.728764;189.263531;179.788924;183.700692;126991
10/08/2009;00:00;184.259516;187.764866;175.902557;176.766194;202201
17/08/2009;00:00;177.045606;189.796954;171.254157;187.536257;833351
24/08/2009;00:00;187.333048;190.508184;177.37582;185.072351;994761
31/08/2009;00:00;184.792939;186.342405;170.314317;172.193997;1040710
07/09/2009;00:00;172.397206;185.173955;171.55897;175.572343;905545
14/09/2009;00:00;175.648546;185.834383;172.778223;182.50684;799972
21/09/2009;00:00;182.329033;183.395879;164.385568;167.013715;1090401
28/09/2009;00:00;167.165339;180.407159;165.295311;176.085878;1164335
05/10/2009;00:00;176.414397;183.338554;171.966763;179.67431;940318
12/10/2009;00:00;182.959495;199.006356;182.075022;198.804191;896726
19/10/2009;00:00;198.526214;206.013029;195.059165;200.083874;1085037
26/10/2009;00:00;200.108997;204.95784;193.074406;193.426135;1323913
02/11/2009;00:00;193.501506;203.651416;192.3207;195.084289;1304849
09/11/2009;00:00;195.637007;202.269622;189.858593;192.295576;1125562
16/11/2009;00:00;192.39607;201.817398;191.643143;193.965031;990628
23/11/2009;00:00;194.239663;199.532569;180.732766;189.670786;992041
30/11/2009;00:00;189.870519;197.335513;186.874534;188.99669;1245112
07/12/2009;00:00;189.246355;189.995351;173.41757;173.667236;1150100
14/12/2009;00:00;173.842001;184.138609;171.245482;181.144683;770929
21/12/2009;00:00;181.071661;190.467233;177.006737;189.25019;488438
28/12/2009;00:00;189.663985;194.726884;189.274531;193.801931;349864
04/01/2010;00:00;193.826272;203.294866;193.826272;201.883097;985065
11/01/2010;00:00;201.737051;204.341523;189.128486;189.737007;918604
18/01/2010;00:00;189.493599;192.619375;179.385427;179.579331;919612
25/01/2010;00:00;179.942901;182.802985;175.555824;176.064822;1103342
01/02/2010;00:00;176.549582;189.153341;168.45409;174.246972;1514002
08/02/2010;00:00;174.949874;183.457411;171.532316;179.845949;1233525
15/02/2010;00:00;179.409665;193.858315;178.658287;193.810055;835575
22/02/2010;00:00;193.761796;194.920023;185.919631;192.096844;1116816
01/03/2010;00:00;192.651828;198.03276;188.356735;197.357127;1089709
08/03/2010;00:00;197.357127;200.662901;193.42398;195.643916;1089323
15/03/2010;00:00;195.764564;200.493993;190.938617;194.571112;901925
22/03/2010;00:00;194.354789;197.575607;189.547596;192.648235;1176188
29/03/2010;00:00;192.864559;205.195007;192.720343;205.050792;905985
05/04/2010;00:00;205.050792;209.329193;202.190512;204.209533;1100332
12/04/2010;00:00;205.747835;207.646676;198.320722;199.594043;1070449
19/04/2010;00:00;199.712258;201.414552;193.234081;201.178123;1226011
26/04/2010;00:00;201.485481;204.511783;192.19379;203.849779;1261831
03/05/2010;00:00;203.802494;206.048577;176.163849;178.291717;1858313
10/05/2010;00:00;179.946726;185.621041;167.463232;170.347676;1432189
17/05/2010;00:00;169.732958;170.820535;155.613341;159.455646;1643272
24/05/2010;00:00;159.613859;171.140773;151.771037;167.456681;1391819
31/05/2010;00:00;167.185459;170.462719;159.862478;160.269311;1273498
07/06/2010;00:00;159.00361;172.451677;157.10506;167.7053;1342848
14/06/2010;00:00;167.388875;176.587805;167.343672;174.32685;934792
21/06/2010;00:00;175.526653;177.615198;167.016943;175.948806;1143130
28/06/2010;00:00;175.526653;176.370958;159.129353;160.57356;1207664
05/07/2010;00:00;160.10697;169.927575;157.951769;169.883138;822890
12/07/2010;00:00;169.527641;173.638075;164.972835;168.416713;985723
19/07/2010;00:00;168.238964;175.827818;167.750156;174.332159;146249
26/07/2010;00:00;174.244179;176.113752;167.887632;174.596099;84702
02/08/2010;00:00;174.794054;183.438078;174.376149;178.885119;97182
09/08/2010;00:00;179.237038;180.842671;165.864095;167.139803;183457
16/08/2010;00:00;166.897858;169.42728;161.531085;162.586844;617705
23/08/2010;00:00;162.542854;166.260004;155.636432;166.194019;1265498
30/08/2010;00:00;166.062049;166.238009;157.330045;163.510632;1203732
06/09/2010;00:00;163.422653;168.767431;159.749492;168.019602;926350
13/09/2010;00:00;167.953617;171.648773;160.094884;161.585646;973063
20/09/2010;00:00;161.650462;165.863485;158.971411;165.258539;1007275
27/09/2010;00:00;165.215328;176.622899;163.162829;176.579688;1263359
04/10/2010;00:00;176.471662;182.413105;173.490138;178.999476;1221439
11/10/2010;00:00;179.215528;181.743342;174.462374;176.017952;966644
18/10/2010;00:00;175.823505;179.950351;171.140393;175.534654;1257984
25/10/2010;00:00;175.791879;178.514178;172.598002;174.591496;1191240
01/11/2010;00:00;174.591496;187.409877;174.312836;187.345571;1228464
08/11/2010;00:00;187.324135;189.982128;181.17217;181.622314;1280760
15/11/2010;00:00;181.92241;183.851597;171.79175;174.390459;1150889
22/11/2010;00:00;174.986885;180.056498;171.003616;178.67194;911307
29/11/2010;00:00;178.714542;190.621744;177.96901;190.51524;1262352
06/12/2010;00:00;190.51524;193.326958;185.530829;187.085795;1129879
13/12/2010;00:00;186.766282;190.621744;184.955705;187.61931;850000
20/12/2010;00:00;187.640446;193.664046;185.421224;193.199067;512907
27/12/2010;00:00;192.480462;194.57287;188.147696;193.177931;479864
03/01/2011;00:00;192.987712;195.650778;184.406723;187.006383;1241348
10/01/2011;00:00;188.105425;195.27034;186.266642;193.748588;1085025
17/01/2011;00:00;193.410421;194.46536;185.789471;186.291209;818506
24/01/2011;00:00;186.604795;187.587366;177.928906;187.085628;1270764
31/01/2011;00:00;188.089104;194.089057;184.8069;186.312115;1232214
07/02/2011;00:00;186.18668;187.190157;177.908;178.409738;1081534
14/02/2011;00:00;178.74423;183.93115;175.29478;181.605723;873773
21/02/2011;00:00;182.070809;209.106423;181.524839;198.631892;1446999
28/02/2011;00:00;199.177861;212.665337;194.870767;212.139588;1231306
07/03/2011;00:00;211.61384;216.264693;200.209138;203.383851;1254366
14/03/2011;00:00;202.837881;209.61195;194.56745;205.335796;984462
21/03/2011;00:00;206.397636;213.750376;204.554442;211.406315;936830
28/03/2011;00:00;211.226002;217.296521;205.756525;216.996;947033
04/04/2011;00:00;216.955931;226.813011;215.373188;226.51249;879765
11/04/2011;00:00;226.953254;227.313878;210.985586;219.179784;1200838
18/04/2011;00:00;219.239888;224.138141;211.245416;223.879091;800149
25/04/2011;00:00;223.859164;227.52572;220.611074;226.668862;911508
02/05/2011;00:00;226.947839;228.820971;188.568566;195.403504;1609797
09/05/2011;00:00;195.503139;208.435718;189.804036;197.954152;1477744
16/05/2011;00:00;197.994005;201.242095;189.345717;198.239851;1024129
23/05/2011;00:00;197.783488;202.188377;191.215838;199.906565;1077036
30/05/2011;00:00;199.787514;205.144812;194.688161;199.549412;943432
06/06/2011;00:00;199.251785;203.259837;193.934171;196.275508;1163312
13/06/2011;00:00;195.977881;198.319218;182.227484;184.370403;1174515
20/06/2011;00:00;184.132301;189.142107;177.283667;180.307569;1160358
27/06/2011;00:00;180.169221;189.418803;177.105791;187.26452;1013823
04/07/2011;00:00;187.719094;196.494339;186.454194;190.644176;849870
11/07/2011;00:00;189.932669;196.079294;184.892832;192.679874;987314
18/07/2011;00:00;192.442705;198.448333;187.145936;197.658646;187993
25/07/2011;00:00;197.401997;199.395957;188.300855;190.117135;52835
01/08/2011;00:00;190.808111;195.289585;164.55102;173.099381;95037
08/08/2011;00:00;169.782696;173.158608;150.336655;169.052236;140920
15/08/2011;00:00;169.585274;176.080449;156.713377;163.64288;502566
22/08/2011;00:00;162.418865;170.927742;160.266968;168.894298;1070679
29/08/2011;00:00;168.45997;177.482144;168.025642;171.065937;856450
05/09/2011;00:00;170.690836;178.62719;164.254887;171.776656;846304
12/09/2011;00:00;171.164648;178.706159;167.808479;173.533709;867693
19/09/2011;00:00;173.237576;173.331539;152.765778;157.434442;1169397
26/09/2011;00:00;156.88287;166.988459;151.899022;155.129659;1122318
03/10/2011;00:00;154.637184;165.471636;147.644037;163.20625;1215068
10/10/2011;00:00;163.00926;172.208695;163.00926;171.932909;916425
17/10/2011;00:00;172.326889;176.251385;165.502192;172.006731;958217
24/10/2011;00:00;171.063475;185.939414;170.965219;183.718831;1161986
31/10/2011;00:00;183.797436;186.5486;175.229524;185.54639;889078
07/11/2011;00:00;185.507088;195.332675;183.207901;194.978954;932256
14/11/2011;00:00;195.136163;203.134192;190.026858;192.149185;1011630
21/11/2011;00:00;191.677557;193.957093;186.666507;191.245231;704832
28/11/2011;00:00;191.598952;199.950701;190.871859;198.712677;991736
05/12/2011;00:00;198.92884;201.306632;191.323836;196.197327;880488
12/12/2011;00:00;195.686396;198.968143;181.812667;184.288715;922555
19/12/2011;00:00;184.249413;196.475926;181.852456;195.750634;593976
26/12/2011;00:00;195.868249;199.494712;192.692642;194.182433;385352
02/01/2012;00:00;195.436993;203.336804;195.338981;199.769147;760680
09/01/2012;00:00;199.78875;202.709523;191.516492;194.123625;1057672
16/01/2012;00:00;193.966805;200.063185;191.784236;192.508172;719806
23/01/2012;00:00;192.410342;198.37792;190.571155;195.18869;879780
30/01/2012;00:00;195.65827;198.182261;186.736253;191.275524;983959
06/02/2012;00:00;191.236393;196.010455;187.518886;193.799516;904627
13/02/2012;00:00;194.347359;203.866674;193.877779;203.652078;693580
20/02/2012;00:00;204.354394;214.498955;204.081271;213.855166;751225
27/02/2012;00:00;213.95271;215.669482;204.549481;207.768429;1015400
05/03/2012;00:00;208.256148;211.08492;203.574043;209.563236;877084
12/03/2012;00:00;209.719306;209.836359;202.462043;209.056008;864044
19/03/2012;00:00;209.095025;211.077597;202.921885;207.291016;944976
26/03/2012;00:00;207.36869;209.194016;198.319733;199.853784;930694
02/04/2012;00:00;200.533426;204.844303;196.280805;200.494589;759552
09/04/2012;00:00;199.096467;202.417007;195.50407;199.679018;823522
16/04/2012;00:00;199.620763;204.028731;197.492118;201.185547;770416
23/04/2012;00:00;200.760126;203.04193;196.89266;202.655184;723824
30/04/2012;00:00;202.906569;205.807168;188.558273;190.646704;1043136
07/05/2012;00:00;189.602488;189.969897;184.033338;184.806831;995682
14/05/2012;00:00;185.232252;185.309602;175.834312;176.704491;893099
21/05/2012;00:00;176.491781;179.88787;172.082579;174.838521;757094
28/05/2012;00:00;175.378146;177.710097;158.591952;160.461368;1015189
04/06/2012;00:00;159.883198;167.727034;156.510541;162.523506;1042152
11/06/2012;00:00;165.202359;166.975413;156.240729;162.234421;1020127
18/06/2012;00:00;163.988203;164.971091;148.920536;153.835912;1238574
25/06/2012;00:00;153.989518;163.858672;148.382917;162.956239;1223168
02/07/2012;00:00;162.533824;170.847722;157.637649;161.516188;1012290
09/07/2012;00:00;161.669793;168.217228;160.613755;167.122789;989959
16/07/2012;00:00;167.295595;178.451194;165.913145;176.302042;514532
23/07/2012;00:00;175.765062;176.263686;167.115848;173.617142;47083
30/07/2012;00:00;173.387007;176.397931;167.230915;175.726706;58408
06/08/2012;00:00;175.707528;182.13211;174.307544;179.600633;79251
13/08/2012;00:00;179.504744;185.219745;177.088334;185.162212;182768
20/08/2012;00:00;185.334812;188.499159;182.803335;184.299208;793950
27/08/2012;00:00;185.392346;187.406021;180.175969;185.219745;804394
03/09/2012;00:00;184.836188;187.386843;180.425281;184.644409;815154
10/09/2012;00:00;184.567698;192.584042;182.841691;189.975854;798919
17/09/2012;00:00;190.148455;190.858035;173.861767;177.684585;966199
24/09/2012;00:00;178.105095;178.143323;170.019835;176.040773;885751
01/10/2012;00:00;176.136344;178.391806;167.630573;171.873901;985946
08/10/2012;00:00;171.740103;179.022571;168.605392;175.161525;946811
15/10/2012;00:00;175.142411;177.886336;171.607323;172.387443;805322
22/10/2012;00:00;171.34094;173.662272;161.617984;164.091535;966937
29/10/2012;00:00;164.453054;166.336758;161.08522;161.332575;657111
05/11/2012;00:00;161.066192;169.761674;159.924554;163.958344;1038157
12/11/2012;00:00;163.996398;165.474726;160.913974;164.717317;845738
19/11/2012;00:00;165.304309;170.038109;163.164631;167.122088;675805
26/11/2012;00:00;167.027412;168.504358;161.63088;168.409682;850133
03/12/2012;00:00;168.239265;171.041675;162.236806;162.804862;861631
10/12/2012;00:00;162.804862;166.023846;161.346852;164.376484;688118
17/12/2012;00:00;164.50903;170.525956;163.751622;167.550133;644317
24/12/2012;00:00;166.872097;172.315216;166.118724;170.67663;345779
31/12/2012;00:00;170.281109;176.797785;169.508902;175.517051;503897
07/01/2013;00:00;175.55472;178.361034;174.066808;176.609442;723351
14/01/2013;00:00;176.552939;180.884833;175.065027;179.568813;719085
21/01/2013;00:00;179.418844;181.687121;177.994141;180.131195;638681
28/01/2013;00:00;180.037465;184.161605;178.968938;182.980601;843748
04/02/2013;00:00;183.186808;183.261793;178.162856;179.512574;806723
11/02/2013;00:00;179.568813;183.917906;178.031633;180.112449;684528
18/02/2013;00:00;179.906242;181.748678;172.334063;174.0492;747098
25/02/2013;00:00;173.806844;176.099909;167.85979;169.686785;829980
04/03/2013;00:00;169.108858;171.569708;166.536151;171.271423;745886
11/03/2013;00:00;171.196852;174.944055;169.444428;174.216986;667874
18/03/2013;00:00;173.862772;175.398075;170.515076;174.154117;756111
25/03/2013;00:00;174.005585;180.745238;173.968452;180.522439;656718
01/04/2013;00:00;180.763804;181.580732;170.645042;172.761627;957760
08/04/2013;00:00;172.705927;176.047904;167.60013;168.324225;859806
15/04/2013;00:00;168.862654;168.918354;158.948123;163.886822;983278
22/04/2013;00:00;163.756856;174.284083;162.809963;172.26033;970257
29/04/2013;00:00;172.111798;178.313021;167.303065;177.51466;1052688
06/05/2013;00:00;177.458961;180.41104;173.355756;178.183056;922708
13/05/2013;00:00;177.793158;179.074249;171.053505;178.275888;944766
20/05/2013;00:00;178.10879;180.274792;170.756431;173.830454;999471
27/05/2013;00:00;173.867491;177.626688;169.552747;169.645338;835405
03/06/2013;00:00;169.867557;178.497044;168.997201;178.256307;1025193
10/06/2013;00:00;177.941497;181.941431;174.145264;181.274776;745286
17/06/2013;00:00;181.200703;183.30984;172.057376;173.590963;922172
24/06/2013;00:00;173.406193;180.741543;171.225913;178.284109;987047
01/07/2013;00:00;178.450401;191.569037;177.508077;191.476652;796118
08/07/2013;00:00;192.067915;198.534848;188.70511;196.317614;983919
15/07/2013;00:00;195.948075;201.990038;193.361301;200.419497;612682
22/07/2013;00:00;200.179297;200.456451;190.674364;192.154324;69086
29/07/2013;00:00;192.376318;199.517126;188.879912;196.242714;87955
05/08/2013;00:00;196.316712;197.815171;188.361926;194.670256;129757
12/08/2013;00:00;194.411263;199.702121;192.912803;198.869643;243877
19/08/2013;00:00;198.999139;199.054638;191.469842;196.686702;943669
26/08/2013;00:00;197.778172;207.638407;195.28074;199.35063;1023769
02/09/2013;00:00;198.074164;204.789483;192.783307;203.920007;700299
09/09/2013;00:00;204.012504;204.345495;196.816198;200.904588;824285
16/09/2013;00:00;198.869643;201.618174;194.133771;195.391594;787933
23/09/2013;00:00;195.540733;195.96951;190.525912;191.663102;827748
30/09/2013;00:00;191.010616;194.589968;188.38203;193.322281;833502
07/10/2013;00:00;192.85622;194.030694;187.543119;189.668359;902616
14/10/2013;00:00;188.978588;191.961382;186.480499;188.120593;740976
21/10/2013;00:00;187.916013;188.269378;178.449539;182.076184;963083
28/10/2013;00:00;182.038988;183.787217;175.492428;175.938785;805417
04/11/2013;00:00;175.789999;177.426639;173.093263;175.47383;800443
11/11/2013;00:00;175.659812;177.389443;172.051765;174.339341;836228
18/11/2013;00:00;174.413734;176.636216;172.184755;174.955374;774211
25/11/2013;00:00;173.902539;174.899962;169.506489;171.37204;613505
02/12/2013;00:00;171.242744;181.14309;170.965682;180.681321;857963
09/12/2013;00:00;180.385788;182.399105;177.799876;178.187763;702031
16/12/2013;00:00;178.33553;183.295376;177.707522;182.57686;537956
23/12/2013;00:00;182.761095;185.616737;181.52672;184.511327;244997
30/12/2013;00:00;184.511327;185.008761;172.922947;173.752004;490972
06/01/2014;00:00;173.512499;174.267862;168.095991;171.135868;749880
13/01/2014;00:00;171.025327;174.910601;168.446037;173.47555;646124
20/01/2014;00:00;173.401958;180.006871;172.298073;178.277451;672074
27/01/2014;00:00;178.277451;181.386727;175.168174;179.215753;737257
03/02/2014;00:00;179.197355;184.422411;177.099973;184.23843;765802
10/02/2014;00:00;184.072848;186.519793;182.343428;184.716781;654346
17/02/2014;00:00;184.569596;191.148613;184.404013;189.316518;485959
24/02/2014;00:00;189.298012;191.444709;186.947748;190.167795;678809
03/03/2014;00:00;190.611939;194.720274;185.300713;190.038252;918633
10/03/2014;00:00;190.149289;190.278831;180.526162;183.209533;857821
17/03/2014;00:00;183.931268;187.312636;180.193053;186.004718;692112
24/03/2014;00:00;185.89261;191.030862;184.603376;189.965843;702854
31/03/2014;00:00;190.003212;190.526379;184.715484;188.826085;747668
07/04/2014;00:00;188.545817;195.141464;186.696046;193.067478;797717
14/04/2014;00:00;193.497223;196.169114;192.282727;195.421732;551115
21/04/2014;00:00;195.328309;195.749639;189.433918;189.829829;766815
28/04/2014;00:00;189.452771;192.676616;186.153513;188.510126;845764
05/05/2014;00:00;188.453567;190.753621;186.474013;188.585537;801448
12/05/2014;00:00;188.755213;193.524997;188.397008;192.63891;607678
19/05/2014;00:00;192.544646;197.90363;192.243;197.69531;658649
26/05/2014;00:00;197.600619;197.90363;193.926619;194.930341;546622
02/06/2014;00:00;194.911403;196.36964;192.411567;194.665207;614730
09/06/2014;00:00;194.646269;203.92596;194.343258;202.202589;793066
16/06/2014;00:00;202.410909;203.660826;200.017407;202.928896;687808
23/06/2014;00:00;204.413184;204.565419;199.865172;201.216255;680587
30/06/2014;00:00;201.121108;201.882282;197.220093;197.467475;593562
07/07/2014;00:00;197.429416;198.285737;191.130704;191.225851;793022
14/07/2014;00:00;191.168763;197.790974;188.409508;195.773863;830665
21/07/2014;00:00;195.945128;200.093524;190.07852;191.715979;84665
28/07/2014;00:00;191.582698;192.096784;183.1098;184.271253;116019
04/08/2014;00:00;184.118931;186.118155;182.557633;183.757167;115036
11/08/2014;00:00;184.04277;185.965833;178.692469;181.243858;246183
18/08/2014;00:00;181.148657;181.148657;176.122039;177.759498;701160
25/08/2014;00:00;178.083181;182.786116;177.169251;182.481472;720141
01/09/2014;00:00;182.424352;182.614754;176.464763;177.93086;877732
08/09/2014;00:00;178.007021;178.863831;172.180713;175.455631;1051876
15/09/2014;00:00;175.417551;181.243858;172.561518;176.843037;917503
22/09/2014;00:00;176.688875;180.870518;174.222284;179.887736;1017880
29/09/2014;00:00;179.887736;182.874624;169.925019;172.873366;1477579
06/10/2014;00:00;172.988988;174.858202;161.079977;164.799134;1258136
13/10/2014;00:00;164.182486;165.473592;153.738013;159.923415;1440288
20/10/2014;00:00;160.195625;161.887216;155.645828;158.076276;1189915
27/10/2014;00:00;158.017945;161.148361;154.45977;156.909661;1069118
03/11/2014;00:00;156.695782;157.454081;147.460083;152.495969;1391413
10/11/2014;00:00;152.632074;155.062521;142.424197;147.635075;1229320
17/11/2014;00:00;147.635075;151.329355;143.726916;149.171118;901864
24/11/2014;00:00;148.976682;149.754425;127.724853;128.30816;1103353
01/12/2014;00:00;128.327604;135.21063;123.894468;127.608191;1347752
08/12/2014;00:00;127.277651;127.452643;111.489467;111.78112;1347506
15/12/2014;00:00;110.96449;114.678213;104.217569;111.710656;1637093
22/12/2014;00:00;111.671981;113.180278;105.406748;106.624988;723508
29/12/2014;00:00;106.450954;107.785216;100.611138;102.119435;790382
05/01/2015;00:00;101.732692;101.964737;90.555825;93.22435;1492622
12/01/2015;00:00;93.185676;99.141515;85.470157;93.615733;1576654
19/01/2015;00:00;94.170804;94.170804;86.533782;86.686905;1207427
26/01/2015;00:00;86.514642;92.54387;83.413896;91.586849;1356199
02/02/2015;00:00;91.089199;103.81757;89.328281;100.180892;2235042
09/02/2015;00:00;99.549259;103.33906;91.969658;100.774245;1608879
16/02/2015;00:00;100.965649;103.645306;94.057602;95.813394;1206515
23/02/2015;00:00;95.813394;96.814007;90.243946;93.491218;1527378
02/03/2015;00:00;93.359061;98.92851;91.961979;93.982084;1465809
09/03/2015;00:00;93.642253;95.888912;84.485702;84.95769;1277903
16/03/2015;00:00;84.598979;85.625481;79.403747;83.767978;1321807
23/03/2015;00:00;83.695842;94.642486;81.748168;87.338712;1538432
30/03/2015;00:00;87.591188;90.981582;84.850018;89.358521;1261371
06/04/2015;00:00;89.214249;97.618097;89.214249;93.362071;1471096
13/04/2015;00:00;93.434207;103.551287;92.821051;101.576362;1323271
20/04/2015;00:00;101.611552;103.159919;98.057347;101.030915;1301647
27/04/2015;00:00;100.819774;105.394493;98.65558;104.268408;1107169
04/05/2015;00:00;104.338789;110.109973;102.29776;104.637905;1273637
11/05/2015;00:00;104.567525;108.825532;102.790422;105.500063;1087253
18/05/2015;00:00;105.306518;107.113123;100.551989;104.127633;1124426
25/05/2015;00:00;104.231778;105.360016;98.087224;104.544213;1120948
01/06/2015;00:00;104.648358;106.887475;98.642664;102.200951;1388552
08/06/2015;00:00;102.339811;107.304055;100.430486;104.040846;1181885
15/06/2015;00:00;103.971416;106.540326;101.940588;102.959045;968145
22/06/2015;00:00;103.062539;106.20185;101.354892;102.89005;1121478
29/06/2015;00:00;101.492884;102.959045;95.57649;95.766229;1035875
06/07/2015;00:00;94.696793;95.455748;87.245242;91.10901;1610981
13/07/2015;00:00;89.953329;92.281939;86.486288;87.590222;1159061
20/07/2015;00:00;87.555724;89.295458;83.041502;83.523901;97402
27/07/2015;00:00;83.213787;85.98758;81.146364;81.19805;84758
03/08/2015;00:00;81.456478;81.525392;76.150091;76.201777;117831
10/08/2015;00:00;76.270691;79.268455;72.635472;73.634726;267920
17/08/2015;00:00;73.807011;74.737352;68.67291;69.413737;1110211
24/08/2015;00:00;69.430965;79.078941;65.037691;78.096915;1922995
31/08/2015;00:00;77.528373;84.988326;74.444467;78.85497;2444956
07/09/2015;00:00;78.941113;79.957596;74.702895;77.149346;1229838
14/09/2015;00:00;77.149346;82.197304;75.099151;77.549096;1233912
21/09/2015;00:00;77.497762;80.680491;74.794152;77.583319;1407540
28/09/2015;00:00;77.651765;80.594934;75.23905;78.130885;1415518
05/10/2015;00:00;78.113774;87.131508;77.36087;84.684571;1620669
12/10/2015;00:00;85.317695;85.779704;77.395093;80.741271;1288459
19/10/2015;00:00;80.741271;81.062747;74.785503;75.682252;1323489
26/10/2015;00:00;75.699172;79.573805;72.044495;78.490938;1540519
02/11/2015;00:00;78.558617;81.824138;74.633224;75.326936;1488521
09/11/2015;00:00;75.326936;76.342124;68.051423;68.914333;1535526
16/11/2015;00:00;69.235809;71.486142;67.780707;68.396576;1415054
23/11/2015;00:00;68.446067;71.695977;66.664391;68.907983;1336062
30/11/2015;00:00;68.907983;70.293731;65.328133;66.218971;1795899
07/12/2015;00:00;66.152983;66.235468;58.003464;58.333404;1872509
14/12/2015;00:00;58.399392;62.490649;56.839906;57.078863;1515708
21/12/2015;00:00;57.190376;60.981827;56.3142;60.72694;930142
28/12/2015;00:00;60.535774;60.679148;57.700151;59.054241;805994
04/01/2016;00:00;59.898555;61.157062;51.136799;52.379375;1908535
11/01/2016;00:00;52.474958;52.88915;46.40545;47.313487;1916426
18/01/2016;00:00;46.516963;49.750296;42.383869;49.596509;2070103
25/01/2016;00:00;49.288933;53.548851;44.98288;51.887944;2769762
01/02/2016;00:00;52.026353;52.56461;45.213561;47.674163;2458149
08/02/2016;00:00;47.628027;48.258556;40.061676;44.629168;2220440
15/02/2016;00:00;44.721441;49.022577;44.137048;45.79835;1532474
22/02/2016;00:00;45.79835;49.710412;43.792164;47.059381;2317819
29/02/2016;00:00;46.887422;52.074845;46.314226;52.060515;2215599
07/03/2016;00:00;51.874226;55.915257;51.716597;55.155773;2406530
14/03/2016;00:00;54.697216;58.663796;51.530309;56.786113;1831355
21/03/2016;00:00;56.703274;57.849213;52.920295;54.659913;1556442
28/03/2016;00:00;54.604687;55.41927;50.57319;50.57319;2018243
04/04/2016;00:00;50.545577;55.005075;48.654088;54.756558;2271179
11/04/2016;00:00;54.839397;58.567151;54.190492;55.778239;2267021
18/04/2016;00:00;53.500167;59.44713;51.926227;58.458349;2674200
25/04/2016;00:00;58.458349;62.507007;56.78811;61.451416;2339941
02/05/2016;00:00;61.331159;61.665207;57.750168;59.540663;2558451
09/05/2016;00:00;60.128587;62.827693;57.496291;61.959169;2645393
16/05/2016;00:00;61.838912;65.372104;61.665207;63.94753;2106414
23/05/2016;00:00;63.921149;66.229486;62.536147;65.372104;2001658
30/05/2016;00:00;65.345723;66.084391;62.984624;64.501531;1799498
06/06/2016;00:00;64.47515;68.155299;64.250912;64.47515;1921364
13/06/2016;00:00;64.435578;65.00277;60.452048;63.614967;1716825
20/06/2016;00:00;63.914424;65.802301;60.802681;61.935407;2083809
27/06/2016;00:00;62.247883;65.09923;59.669954;64.161801;1989027
04/07/2016;00:00;63.940463;64.25294;58.28985;58.745545;1976123
11/07/2016;00:00;58.680446;61.102137;57.834156;60.255847;2045061
18/07/2016;00:00;60.047529;60.958919;57.759643;58.435803;287883
25/07/2016;00:00;58.357784;58.578837;53.702685;54.768937;192138
01/08/2016;00:00;54.703921;55.718161;51.960273;55.627139;259821
08/08/2016;00:00;55.523115;59.124966;54.417854;59.020941;330256
15/08/2016;00:00;58.994935;64.18316;58.59184;63.871087;1207493
22/08/2016;00:00;63.741056;63.819074;60.360257;61.491525;2331841
29/08/2016;00:00;61.400503;61.751586;55.913207;57.473576;2090228
05/09/2016;00:00;57.40856;62.089666;57.005465;59.437039;2254654
12/09/2016;00:00;59.254996;60.477285;55.590205;56.103148;2166118
19/09/2016;00:00;56.03903;59.693749;55.218321;57.180328;2373056
26/09/2016;00:00;57.218799;61.963522;56.667385;61.617286;2853060
03/10/2016;00:00;61.604462;65.066828;61.271049;63.540822;2020218
10/10/2016;00:00;63.566469;66.169655;63.027879;64.528238;2025802
17/10/2016;00:00;64.412825;66.409323;63.438234;64.857822;1745627
24/10/2016;00:00;64.667063;64.832387;61.576779;61.881992;2342349
31/10/2016;00:00;61.360586;61.98373;55.408927;56.121092;2719184
07/11/2016;00:00;56.528043;58.435626;54.722197;54.836652;2375186
14/11/2016;00:00;54.93839;59.246438;53.666668;58.240556;2277729
21/11/2016;00:00;58.592615;61.861731;57.687321;57.78791;1994299
28/11/2016;00:00;57.121513;65.130847;56.354528;64.979965;3560801
05/12/2016;00:00;64.46445;65.910405;62.377245;64.728494;2354388
12/12/2016;00:00;66.111582;68.538271;62.804745;65.372062;2133061
19/12/2016;00:00;65.556729;66.221529;64.116328;65.556729;1571551
26/12/2016;00:00;65.605973;66.935575;65.285884;66.344641;992589
02/01/2017;00:00;66.726286;68.006642;64.153261;66.110729;1866595
09/01/2017;00:00;66.172285;66.270774;62.429704;64.658017;2170957
16/01/2017;00:00;64.69495;65.889129;62.720828;64.564131;1706144
23/01/2017;00:00;64.673274;65.582799;63.31505;64.515623;2010073
30/01/2017;00:00;64.454988;65.898101;63.351431;65.303878;2023461
06/02/2017;00:00;65.25537;65.643434;62.114478;65.303878;1970017
13/02/2017;00:00;65.243243;65.425148;63.828936;64.561911;1490926
20/02/2017;00:00;64.766183;66.12399;64.105303;64.910375;1685021
27/02/2017;00:00;64.910375;65.619318;63.132008;63.925063;2035075
06/03/2017;00:00;63.913047;64.646023;58.049245;58.145373;2925231
13/03/2017;00:00;58.217469;59.623339;56.583294;58.603054;2083044
20/03/2017;00:00;58.591157;58.864781;55.926301;57.270626;2128961
27/03/2017;00:00;57.246832;60.494626;56.009577;60.494626;2115400
03/04/2017;00:00;60.304279;62.981033;59.340648;62.207749;2085304
10/04/2017;00:00;62.231542;63.956561;62.207749;62.945343;1477170
17/04/2017;00:00;63.016723;63.302243;58.024811;58.531938;2224378
24/04/2017;00:00;58.590906;59.227764;56.845445;58.013017;2448247
01/05/2017;00:00;57.98943;58.166335;51.609059;54.805141;2970928
08/05/2017;00:00;54.663617;56.869032;53.696537;56.397286;2547297
15/05/2017;00:00;56.432667;59.627503;56.31473;59.627503;2321887
22/05/2017;00:00;59.662647;60.916113;56.441122;58.420896;3094377
29/05/2017;00:00;58.491184;58.901196;54.754214;55.925678;2597857
05/06/2017;00:00;55.902249;56.722273;52.95016;53.770185;3214853
12/06/2017;00:00;53.653038;54.71907;51.802126;52.339915;2363133
19/06/2017;00:00;52.316606;52.771128;49.006756;50.312049;3127962
26/06/2017;00:00;50.300395;54.018149;49.682711;53.99484;2979638
03/07/2017;00:00;53.936568;55.148625;51.022967;51.66396;3078836
10/07/2017;00:00;51.687268;54.47267;50.87146;54.402744;3191616
17/07/2017;00:00;54.402744;55.836235;53.318221;53.353199;562808
24/07/2017;00:00;53.376518;58.180171;53.143331;58.156852;183775
31/07/2017;00:00;58.261787;58.891392;56.536202;57.900347;249715
07/08/2017;00:00;57.970303;58.704842;56.128125;57.025895;248244
14/08/2017;00:00;57.049214;57.492269;54.355903;57.014236;1061408
21/08/2017;00:00;57.002576;57.025895;54.868915;55.801663;2954460
28/08/2017;00:00;55.836641;56.198081;53.143331;55.207036;2969659
04/09/2017;00:00;55.125421;57.620522;54.973849;55.451882;2523152
11/09/2017;00:00;55.475201;58.879732;54.798959;58.098556;2284974
18/09/2017;00:00;58.121874;58.953237;57.303793;58.434181;2456102
25/09/2017;00:00;58.457251;60.971789;58.122748;59.56457;2844235
02/10/2017;00:00;59.56457;59.645312;56.634787;56.807806;2570325
09/10/2017;00:00;56.807806;59.656847;56.669391;59.310809;2528304
16/10/2017;00:00;59.322344;60.406595;58.418415;59.796479;2201457
23/10/2017;00:00;59.796479;62.242542;59.199318;62.231058;2444703
30/10/2017;00:00;62.196607;64.034025;61.725768;63.965122;2310252
06/11/2017;00:00;64.275186;66.514539;63.919186;65.343185;2678175
13/11/2017;00:00;65.343185;65.630282;62.943058;64.993712;2031646
20/11/2017;00:00;64.993712;67.568287;63.792244;67.476747;1983402
27/11/2017;00:00;67.453862;67.499632;64.947942;66.698653;2594125
04/12/2017;00:00;66.732981;66.755866;63.872342;65.61161;2188990
11/12/2017;00:00;65.508627;67.007602;64.181291;65.668823;2054751
18/12/2017;00:00;65.680266;66.938947;65.085253;66.767308;1671581
25/12/2017;00:00;66.824521;69.2389;66.732981;68.769755;1409924
01/01/2018;00:00;68.884181;71.184134;68.769755;70.474696;1779694
08/01/2018;00:00;70.497581;74.113429;70.188632;73.690054;2519907
15/01/2018;00:00;73.724382;74.250739;71.914943;72.705343;1834573
22/01/2018;00:00;72.739709;76.359511;72.22423;75.878398;2646247
29/01/2018;00:00;75.809668;76.13041;72.934445;74.5267;2560319
05/02/2018;00:00;74.57252;74.916172;66.519604;67.642201;3289328
12/02/2018;00:00;67.722387;70.999647;66.66852;70.586525;2048906
19/02/2018;00:00;70.586525;73.122636;69.714378;72.950502;1779103
26/02/2018;00:00;72.984929;73.719368;69.014365;70.517671;2570160
05/03/2018;00:00;70.632427;72.617709;68.796328;71.286538;2331265
12/03/2018;00:00;71.263586;71.766961;68.979938;71.457423;2173651
19/03/2018;00:00;71.42303;75.664847;70.448559;75.366774;2481392
26/03/2018;00:00;75.550204;76.295388;73.050971;74.415231;2089294
02/04/2018;00:00;74.415231;74.999914;70.861276;71.021777;2563959
09/04/2018;00:00;71.079099;77.682577;70.998849;77.258395;2722649
16/04/2018;00:00;77.086429;79.734699;75.160415;78.026508;2490450
23/04/2018;00:00;78.209938;79.539805;76.937393;77.923329;2766294
30/04/2018;00:00;78.129687;80.216203;76.639319;80.009844;2970236
07/05/2018;00:00;80.07863;82.417362;77.53354;80.835279;3403354
14/05/2018;00:00;80.869672;82.887401;80.548669;81.844431;2234165
21/05/2018;00:00;81.867331;83.470328;77.195741;77.287341;2949995
28/05/2018;00:00;77.344591;78.626988;75.008795;75.237795;2824741
04/06/2018;00:00;75.237795;75.844644;73.531748;75.066045;2623147
11/06/2018;00:00;75.066045;76.898041;73.611898;73.714948;1976277
18/06/2018;00:00;73.737848;79.67707;72.8104;79.562229;2902213
25/06/2018;00:00;78.953569;85.511021;77.770701;85.269854;2996767
02/07/2018;00:00;83.914724;86.441238;82.846697;84.890877;2225996
09/07/2018;00:00;84.833456;85.786641;79.504808;81.055169;2466249
16/07/2018;00:00;80.986264;81.388209;76.978294;79.333188;906644
23/07/2018;00:00;79.357023;81.800061;78.963753;81.013522;136379
30/07/2018;00:00;80.870515;82.45551;78.439394;80.441493;169143
06/08/2018;00:00;80.50108;82.062241;78.046124;79.917134;239356
13/08/2018;00:00;79.929051;80.703673;76.139363;77.700524;710516
20/08/2018;00:00;77.712441;82.598517;77.28342;81.657054;2094015
27/08/2018;00:00;81.71664;84.016671;81.287619;83.277801;1659129
03/09/2018;00:00;83.289718;85.089224;79.678789;80.870515;1701563
10/09/2018;00:00;80.822846;84.922383;80.2389;82.205248;2354844
17/09/2018;00:00;82.10991;85.840084;81.643724;84.536941;1316100
24/09/2018;00:00;85.051025;88.147485;85.051025;87.944242;1930327
01/10/2018;00:00;87.621445;91.93736;87.21496;88.81699;2593581
08/10/2018;00:00;88.9485;90.000579;84.297832;85.493376;2576754
15/10/2018;00:00;85.899862;86.916074;81.930654;83.138154;2220593
22/10/2018;00:00;83.209887;83.496817;78.595086;80.842709;2802038
29/10/2018;00:00;80.759021;81.237239;74.876943;75.151918;2843495
05/11/2018;00:00;75.307339;76.682215;70.847958;71.57724;3074359
12/11/2018;00:00;72.569542;73.262958;65.456053;67.939513;2932993
19/11/2018;00:00;67.939513;68.594725;59.743408;60.029319;3022859
26/11/2018;00:00;60.303317;62.614427;58.86185;60.422446;3508849
03/12/2018;00:00;62.483385;64.985103;59.660018;62.102171;3534871
10/12/2018;00:00;61.983041;63.460246;59.981667;61.030006;2685854
17/12/2018;00:00;61.053832;61.792434;53.43482;53.778186;2914678
24/12/2018;00:00;53.813706;55.648937;50.155085;53.42298;2117819
31/12/2018;00:00;53.541382;58.277462;52.511284;57.200003;2604038
07/01/2019;00:00;57.188163;63.120103;56.963199;61.213831;3414660
14/01/2019;00:00;61.249352;63.759519;59.650925;63.582867;2700538
21/01/2019;00:00;63.53576;64.19526;61.074412;63.064689;2612180
28/01/2019;00:00;63.076466;65.549591;60.450242;65.208064;2946023
04/02/2019;00:00;65.14918;65.655582;61.003751;62.075439;2580423
11/02/2019;00:00;62.016555;65.771515;60.332474;65.701371;2086417
18/02/2019;00:00;65.642918;67.583563;65.070076;66.718456;2115453
25/02/2019;00:00;66.835362;67.665397;64.321876;65.175292;2648541
04/03/2019;00:00;65.268817;66.858744;63.737344;65.514321;2595341
11/03/2019;00:00;65.50263;68.916295;65.420795;68.26162;2392422
18/03/2019;00:00;68.331764;70.238376;67.784279;68.586803;2727063
25/03/2019;00:00;68.598434;70.633824;67.65634;69.99413;3051461
01/04/2019;00:00;70.063915;73.669461;69.935976;73.576415;2949395
08/04/2019;00:00;73.65783;75.355927;73.425215;74.157955;2869992
15/04/2019;00:00;74.157955;75.169591;73.262383;74.403028;1574945
22/04/2019;00:00;74.414643;77.353133;72.335632;72.939591;3167877
29/04/2019;00:00;73.113809;75.204435;70.790892;71.84782;3265719
06/05/2019;00:00;71.348392;73.113809;69.733965;71.673601;3397935
13/05/2019;00:00;71.603913;73.915216;70.43084;72.835059;2649559
20/05/2019;00:00;73.09058;74.112664;66.429665;68.387909;3401786
27/05/2019;00:00;68.295211;69.175842;61.470325;61.82953;3279693
03/06/2019;00:00;61.899053;63.301109;58.63145;62.617462;3825786
10/06/2019;00:00;62.849207;63.544442;58.770497;60.844614;2972703
17/06/2019;00:00;60.833027;66.935203;59.674302;66.496511;2247768
24/06/2019;00:00;66.635045;69.186387;65.515225;67.189183;2697336
01/07/2019;00:00;68.424448;69.590446;64.695564;66.64659;2565728
08/07/2019;00:00;66.692768;70.352385;66.13863;69.717435;2261991
15/07/2019;00:00;69.555812;70.329296;63.171685;64.349228;1639556
22/07/2019;00:00;64.903365;66.575064;63.93466;64.903192;123429
29/07/2019;00:00;64.926253;67.86644;61.882294;63.669467;179214
05/08/2019;00:00;63.830889;64.003841;58.227238;62.36656;248837
12/08/2019;00:00;62.516452;66.183039;61.640161;63.242851;765076
19/08/2019;00:00;63.358153;65.871725;61.386498;62.228199;2765927
26/08/2019;00:00;61.398028;65.595001;61.063654;63.600286;2815469
02/09/2019;00:00;63.415804;66.598124;60.925292;65.410519;2664988
09/09/2019;00:00;65.49123;67.751139;62.262789;63.208261;2998965
16/09/2019;00:00;70.887338;73.078066;66.57096;67.507439;3513825
23/09/2019;00:00;68.501726;68.663586;63.299063;64.952354;2590494
30/09/2019;00:00;65.368567;65.403251;58.951949;61.287367;2473583
07/10/2019;00:00;60.9174;63.50717;59.402847;63.484047;2371111
14/10/2019;00:00;63.472485;63.472485;60.570556;62.085108;1564575
21/10/2019;00:00;62.09667;65.441343;60.954793;65.314474;2084219
28/10/2019;00:00;65.337541;65.648946;61.946678;64.853132;2298241
04/11/2019;00:00;65.060736;66.756167;64.311055;66.248691;2297056
11/11/2019;00:00;66.202557;66.859969;64.818531;66.813835;1841800
18/11/2019;00:00;66.756167;67.666075;63.184954;66.732988;2254817
25/11/2019;00:00;66.721469;67.596957;63.380787;63.841571;1759848
02/12/2019;00:00;63.899169;68.94475;63.760934;68.046221;2680438
09/12/2019;00:00;68.0923;69.670484;66.940341;68.864112;1990199
16/12/2019;00:00;68.967789;70.812177;68.783475;69.612752;1384158
23/12/2019;00:00;69.670417;71.469554;69.312896;71.181231;934817
30/12/2019;00:00;71.169698;73.914534;69.924141;72.703577;1937876
06/01/2020;00:00;73.476283;75.713671;67.652155;68.182669;3013973
13/01/2020;00:00;68.090406;68.355663;66.152874;67.813188;1683753
20/01/2020;00:00;68.400964;68.885015;62.062206;62.465581;2102799
27/01/2020;00:00;61.889331;62.661507;58.743002;59.503653;3024033
03/02/2020;00:00;58.789102;60.160578;56.829849;58.016926;3356673
10/02/2020;00:00;57.763375;60.321929;56.956624;60.218203;2645775
17/02/2020;00:00;60.195153;62.683277;58.658061;61.307135;2275658
24/02/2020;00:00;60.3209;60.366771;50.286529;51.903497;3934160
02/03/2020;00:00;50.114512;55.802566;47.075531;47.671859;3926768
09/03/2020;00:00;37.694828;41.685641;31.353106;37.763635;4206179
16/03/2020;00:00;38.703999;38.703999;23.187618;26.713221;3345988
23/03/2020;00:00;25.44762;28.521223;23.504019;24.67922;2657714
30/03/2020;00:00;23.650919;32.916926;21.775117;32.770026;3328448
06/04/2020;00:00;29.481723;32.046825;25.50412;26.204721;2577018
13/04/2020;00:00;27.798022;27.956222;20.80486;21.287512;2233254
20/04/2020;00:00;20.965744;21.101225;5.503931;14.547314;4754519
27/04/2020;00:00;14.259416;17.341617;8.52686;16.672678;2260778
04/05/2020;00:00;16.181558;22.182312;15.283994;20.785441;1317643
11/05/2020;00:00;20.681674;23.802683;19.787676;23.770754;1321417
18/05/2020;00:00;23.794701;27.666029;23.587165;26.787996;1787832
25/05/2020;00:00;26.580461;28.552044;24.856323;28.192849;1520679
01/06/2020;00:00;28.105046;31.673053;27.354726;31.106323;1592449
08/06/2020;00:00;31.457536;32.279694;27.522351;29.182632;1734599
15/06/2020;00:00;28.759579;32.17519;27.426565;31.303448;1433063
22/06/2020;00:00;30.923052;32.991457;29.385617;30.241508;1685915
29/06/2020;00:00;30.08301;32.286139;29.718463;31.945367;1242759
06/07/2020;00:00;31.945367;32.555586;30.542655;32.17519;1189934
13/07/2020;00:00;31.977067;32.698235;30.962676;32.151415;935673
20/07/2020;00:00;32.17519;33.509514;31.568414;32.582187;155490
27/07/2020;00:00;32.574328;33.100861;30.648946;31.977067;171743
03/08/2020;00:00;31.984925;34.326819;31.34837;32.872959;215116
10/08/2020;00:00;32.715785;33.926025;32.582187;33.407351;223683
17/08/2020;00:00;33.360199;34.02033;32.582187;33.203024;1118283
24/08/2020;00:00;33.383775;34.405406;33.187307;33.737416;1119581
31/08/2020;00:00;33.721699;34.240373;30.924;31.04974;1419316
07/09/2020;00:00;31.026163;31.112609;28.393498;29.383694;1295507
14/09/2020;00:00;29.328683;32.605763;28.935748;32.244015;863523
21/09/2020;00:00;32.244015;32.472194;30.583818;31.504401;1214036
28/09/2020;00:00;31.528006;32.102387;28.821334;29.120327;1418167
05/10/2020;00:00;29.112458;32.629558;29.112458;31.882076;1291527
12/10/2020;00:00;31.787657;32.481437;30.717578;32.059499;876475
19/10/2020;00:00;31.973549;32.739289;30.918703;31.08279;1202075
26/10/2020;00:00;31.012467;31.121858;27.285345;27.910439;1635681
02/11/2020;00:00;27.535383;30.746802;26.285195;29.293459;1485890
09/11/2020;00:00;29.176254;33.645675;29.035608;31.348455;1493845
16/11/2020;00:00;31.387523;33.156034;31.371896;32.992895;1013330
23/11/2020;00:00;32.985127;35.937164;32.853062;35.362293;1152363
30/11/2020;00:00;35.22246;36.263441;34.11933;35.805099;1374317
07/12/2020;00:00;35.85171;37.086904;34.919488;36.170219;1259793
14/12/2020;00:00;36.302284;38.271033;35.494358;38.123926;916135
21/12/2020;00:00;38.139411;38.178124;35.739245;37.396134;1086037
28/12/2020;00:00;37.341937;37.907137;36.776737;37.489044;711984
04/01/2021;00:00;37.473559;40.841534;36.528977;40.826049;1826611
11/01/2021;00:00;40.709912;41.755145;39.873725;40.291818;1059473
18/01/2021;00:00;40.260848;41.629751;39.78143;40.199042;1203643
25/01/2021;00:00;40.34598;41.436412;40.075305;40.322779;1515077
01/02/2021;00:00;40.206776;44.305562;39.936101;44.135424;1506289
08/02/2021;00:00;44.127691;46.262153;44.081289;46.192551;1383195
15/02/2021;00:00;46.38589;48.172342;45.318659;45.658935;1362225
22/02/2021;00:00;45.573866;49.347843;45.488797;47.685128;1986937
01/03/2021;00:00;47.909401;51.366302;45.813607;51.258032;2013126
08/03/2021;00:00;51.567375;52.572738;48.821961;50.701216;1631244
15/03/2021;00:00;50.701216;51.350835;45.071185;47.569125;1854796
22/03/2021;00:00;47.638727;47.979003;44.274628;46.958173;2240128
29/03/2021;00:00;47.120578;48.156875;45.511998;47.360318;1543999
05/04/2021;00:00;47.561391;47.561391;44.568503;45.890942;1557120
12/04/2021;00:00;45.898676;49.401978;45.419195;48.77556;931018
19/04/2021;00:00;48.705958;49.717303;46.805929;47.910243;1433735
26/04/2021;00:00;47.925688;50.559053;46.844542;49.030003;1464369
03/05/2021;00:00;49.14584;51.555252;48.582099;50.057092;1495040
10/05/2021;00:00;50.636278;51.45486;48.721104;50.589943;1696194
17/05/2021;00:00;50.58222;51.748314;47.473993;49.263136;1515795
24/05/2021;00:00;49.255424;52.07024;49.070341;51.383888;1445420
31/05/2021;00:00;51.422447;53.797689;51.214228;53.496928;1225971
07/06/2021;00:00;53.612605;54.939039;52.802864;54.584295;1413837
14/06/2021;00:00;54.484041;56.288608;53.805401;55.139547;1063916
21/06/2021;00:00;55.15497;57.5484;54.858933;57.354635;1439911
28/06/2021;00:00;57.346884;59.075274;55.781258;58.276959;1536392
05/07/2021;00:00;58.400969;59.664321;54.843432;57.842924;1655544
12/07/2021;00:00;57.928181;58.53273;54.57216;55.378225;1104313
19/07/2021;00:00;55.409228;55.548739;50.047042;55.456065;132284
26/07/2021;00:00;55.456065;57.054714;54.245437;56.682213;124701
02/08/2021;00:00;56.736537;56.79862;52.165641;52.5071;217097
09/08/2021;00:00;52.476058;53.849655;50.442824;52.639027;253133
16/08/2021;00:00;52.483818;52.794236;47.975006;48.006048;1204007
23/08/2021;00:00;48.083652;53.5858;47.912923;53.290904;1359938
30/08/2021;00:00;53.779811;54.796428;52.088036;53.624602;1368430
06/09/2021;00:00;53.632363;54.292;52.429495;54.097989;1280708
13/09/2021;00:00;54.12127;56.759818;53.94278;55.844087;1006732
20/09/2021;00:00;55.813045;57.700868;53.909563;57.452258;1392056
27/09/2021;00:00;57.638715;59.565444;56.822963;58.842921;1733296
04/10/2021;00:00;58.967226;62.238004;58.236934;61.834012;1735382
11/10/2021;00:00;61.834012;64.219116;61.701938;64.219116;1438798
18/10/2021;00:00;64.172502;65.928395;63.235523;65.74052;1691793
25/10/2021;00:00;65.74052;66.859941;63.078961;65.145584;1862827
01/11/2021;00:00;65.255177;66.445051;61.25501;63.54082;1989264
08/11/2021;00:00;63.509507;66.515504;62.452712;63.16507;1633936
15/11/2021;00:00;63.141586;64.041819;59.532453;60.000214;1690472
22/11/2021;00:00;60.055711;62.814706;53.435708;54.046175;1759797
29/11/2021;00:00;54.886559;57.819973;49.495419;52.500187;2603165
06/12/2021;00:00;53.134439;58.145027;52.896594;57.050943;1530171
13/12/2021;00:00;57.114368;57.87547;54.996842;55.735855;1072502
20/12/2021;00:00;55.529249;58.763423;52.541413;58.612442;1104724
27/12/2021;00:00;58.310479;61.536707;57.666823;59.955378;1040627
03/01/2022;00:00;60.146091;63.944457;59.017707;62.728662;1354932
10/01/2022;00:00;62.680984;67.107113;61.846615;66.964079;1280157
17/01/2022;00:00;67.003811;69.718106;66.260216;67.901113;1340910
24/01/2022;00:00;67.965148;71.110867;65.555831;69.870189;1703646
31/01/2022;00:00;69.998259;74.576761;69.109773;73.576215;1441985
07/02/2022;00:00;73.496171;75.769413;70.766679;75.161081;1567013
14/02/2022;00:00;75.169085;76.697921;71.470214;73.970772;1535963
21/02/2022;00:00;74.624513;82.158876;72.777695;75.131162;2155093
28/02/2022;00:00;77.623549;95.258207;77.16593;93.975241;2324922
07/03/2022;00:00;99.147965;106.641469;84.68395;89.145731;1886058
14/03/2022;00:00;89.415399;89.660552;76.430472;85.982925;924802
21/03/2022;00:00;86.007468;95.423866;85.148457;92.118719;1141189
28/03/2022;00:00;92.380513;92.388694;79.99439;81.336084;1429583
04/04/2022;00:00;80.951574;86.383797;76.74651;80.092563;1137654
11/04/2022;00:00;80.501616;88.060914;76.026577;87.160997;775569
18/04/2022;00:00;87.561869;89.828343;82.161674;83.699944;999378
25/04/2022;00:00;83.39558;88.832992;78.377697;85.641289;1147713
02/05/2022;00:00;85.550802;91.613393;82.490716;90.988214;964612
09/05/2022;00:00;90.840145;91.012892;80.7797;90.618042;1107215
16/05/2022;00:00;91.292577;95.060103;87.050496;93.045547;986067
23/05/2022;00:00;93.222616;97.219316;91.578404;97.025384;797680
30/05/2022;00:00;96.932633;101.570155;93.762255;101.401518;987531
06/06/2022;00:00;101.873702;103.86362;98.770778;101.578587;1024301
13/06/2022;00:00;101.342495;104.285213;91.827718;93.968063;1078086
20/06/2022;00:00;93.855868;95.9358;87.624701;92.397326;1164451
27/06/2022;00:00;92.535413;98.429993;90.23972;93.605585;1183121
04/07/2022;00:00;93.89902;96.186082;82.075338;90.44685;1353851
11/07/2022;00:00;90.43822;90.662611;78.157125;84.207053;1156288
18/07/2022;00:00;83.94814;88.807069;79.0945;80.025328;136919
25/07/2022;00:00;80.00809;85.972283;78.24986;83.093612;125650
01/08/2022;00:00;83.119468;83.326319;74.173179;75.526327;154835
08/08/2022;00:00;75.431521;81.163006;74.405886;78.663561;160654
15/08/2022;00:00;78.689418;79.02555;73.578484;77.241463;604952
22/08/2022;00:00;77.250082;82.533391;74.362792;80.128753;1150713
29/08/2022;00:00;80.120134;84.170959;74.104229;75.198814;1251190
05/09/2022;00:00;74.845444;77.905109;69.984455;74.207654;1071099
12/09/2022;00:00;74.336936;77.732734;72.630419;73.60434;820834
19/09/2022;00:00;73.440583;74.620166;67.182254;68.378862;1152218
26/09/2022;00:00;68.206689;71.400514;65.641298;68.645732;1082714
03/10/2022;00:00;69.747645;80.327731;69.618515;80.233035;1085954
10/10/2022;00:00;80.474079;80.611818;73.346079;73.647384;927266
17/10/2022;00:00;73.681818;75.73095;70.668775;73.992806;805929
24/10/2022;00:00;74.079713;78.033992;71.811435;76.8086;986048
31/10/2022;00:00;76.817291;80.710734;74.131858;80.476085;1073006
07/11/2022;00:00;79.085569;81.466827;73.610414;77.225755;1103883
14/11/2022;00:00;77.364806;78.077445;67.879909;70.215768;998793
21/11/2022;00:00;70.215768;72.052962;65.850248;66.970061;1063447
28/11/2022;00:00;66.427651;72.910318;64.389242;70.285757;1236809
05/12/2022;00:00;69.979558;72.367909;61.309756;62.630786;1336313
12/12/2022;00:00;62.805757;68.037382;61.458482;65.17661;809897
19/12/2022;00:00;65.17661;70.173048;64.669622;69.31696;883372
26/12/2022;00:00;69.797418;70.915574;67.080647;70.330289;629900
02/01/2023;00:00;70.382702;71.195113;63.298134;64.407554;929714
09/01/2023;00:00;64.180429;69.980865;64.180429;69.945923;999663
16/01/2023;00:00;69.972129;71.969517;68.304;71.124968;877627
23/01/2023;00:00;71.212035;71.952104;68.817695;69.113722;1151798
30/01/2023;00:00;69.688364;70.080165;63.64592;63.759107;1383798
06/02/2023;00:00;63.759107;69.940858;62.905851;69.444576;1235056
13/02/2023;00:00;69.601297;70.193352;65.403282;66.480022;856988
20/02/2023;00:00;66.549489;67.504662;64.083407;66.384505;1072955
27/02/2023;00:00;66.358455;69.380274;65.11673;69.336857;1217647
06/03/2023;00:00;69.397641;70.283346;64.925696;66.584223;1257469
13/03/2023;00:00;66.514756;67.270211;56.65554;57.67268;1376163
20/03/2023;00:00;57.916098;62.306315;55.951367;60.159021;1304777
27/03/2023;00:00;60.350278;65.827183;60.098166;65.809796;1147942
03/04/2023;00:00;69.634936;71.121525;68.678651;69.947902;994081
10/04/2023;00:00;69.982676;72.616807;69.000311;71.877859;920769
17/04/2023;00:00;71.703989;71.90394;66.663482;67.732253;853451
24/04/2023;00:00;67.749631;68.801023;64.239198;66.585279;1299091
01/05/2023;00:00;66.611347;66.637415;55.298019;61.971318;1378416
08/05/2023;00:00;61.997386;64.204441;60.763521;60.902548;1102090
15/05/2023;00:00;60.859102;63.935076;60.311683;62.475292;822236
22/05/2023;00:00;62.449224;64.934333;61.406521;63.318143;1222593
29/05/2023;00:00;63.630954;63.909008;58.243655;62.449224;1222560
05/06/2023;00:00;65.195009;65.221076;59.981493;61.128467;1254644
12/06/2023;00:00;61.058953;62.426455;58.043804;62.123119;957152
19/06/2023;00:00;62.131786;63.024459;58.370425;60.233772;1045143
26/06/2023;00:00;60.528441;61.568448;58.110423;61.057111;1206591
03/07/2023;00:00;61.057111;64.064467;60.39844;63.847798;1048746
10/07/2023;00:00;64.012466;67.019821;62.981125;65.234475;1024639
17/07/2023;00:00;65.017807;66.973941;63.995133;66.565033;253610
24/07/2023;00:00;66.660735;69.853699;66.260527;69.810198;120480
31/07/2023;00:00;69.801498;71.91564;68.148465;71.38493;153493
07/08/2023;00:00;71.576334;73.220667;69.183786;71.732937;193218
14/08/2023;00:00;71.741637;71.785138;68.38337;70.236507;530366
21/08/2023;00:00;70.262607;71.123925;67.504652;69.644895;1172933
28/08/2023;00:00;69.731897;74.8737;69.027183;74.864999;1179917
04/09/2023;00:00;74.8737;76.631135;73.968882;75.89162;953212
11/09/2023;00:00;76.039523;79.37169;75.439211;79.345589;924378
18/09/2023;00:00;79.345589;81.143455;77.579218;79.299884;1414095
25/09/2023;00:00;79.49302;83.425971;77.421197;79.686156;1403362
02/10/2023;00:00;79.73005;80.660615;71.548107;72.698144;1481685
09/10/2023;00:00;74.840198;77.105157;72.259199;77.008589;1274269
16/10/2023;00:00;77.008589;80.052821;75.14746;78.671832;998323
23/10/2023;00:00;78.404544;78.662922;73.130056;75.874215;1297835
30/10/2023;00:00;75.731661;75.99895;71.365954;72.069813;1283017
06/11/2023;00:00;72.283643;73.27261;66.741868;68.915812;1137466
13/11/2023;00:00;68.73762;71.071937;64.478828;67.784292;1009493
20/11/2023;00:00;67.534823;69.904778;65.743992;66.982427;919244
27/11/2023;00:00;67.098252;70.920474;65.868726;66.269659;1382081
04/12/2023;00:00;66.447851;66.848783;61.298098;63.489861;1292285
11/12/2023;00:00;63.391855;64.559014;60.326951;63.96207;764856
18/12/2023;00:00;63.864065;67.077055;63.178986;65.403911;975879
25/12/2023;00:00;65.466209;67.797931;63.410378;63.481576;729584
01/01/2024;00:00;63.819764;66.071389;61.657137;65.813298;985717
08/01/2024;00:00;65.421711;66.970259;62.413611;64.754233;1269053
15/01/2024;00:00;64.638537;66.326255;62.76243;65.259774;901443
22/01/2024;00:00;65.410858;69.552361;64.486575;69.525699;1218853
29/01/2024;00:00;70.121151;70.467758;63.802249;64.353264;1489283
05/02/2024;00:00;64.655434;68.690289;63.46453;68.077062;1070548
12/02/2024;00:00;68.077062;70.107881;67.135003;69.857878;880188
19/02/2024;00:00;69.947165;70.465027;68.143574;68.366791;965147
26/02/2024;00:00;68.215003;72.18826;67.714998;71.259678;1045064
04/03/2024;00:00;71.554324;72.027544;69.215014;69.50966;1210487
11/03/2024;00:00;69.465017;72.875767;68.563221;72.32219;901630
18/03/2024;00:00;72.348976;74.636899;72.104704;72.571634;990514
25/03/2024;00:00;72.598572;74.717714;72.32919;74.62792;711749
01/04/2024;00:00;74.654858;78.686616;74.16997;77.878468;1066314
08/04/2024;00:00;77.312765;78.722533;75.920956;76.729103;1211779
15/04/2024;00:00;77.160115;77.3846;73.227228;74.175767;1146880
22/04/2024;00:00;73.931857;76.298688;72.902015;75.575992;994579
29/04/2024;00:00;75.603093;75.801835;70.426779;70.45388;1160399
06/05/2024;00:00;70.607453;72.23352;69.460172;70.643588;929531
13/05/2024;00:00;70.625521;72.396127;69.288532;72.269655;648665
20/05/2024;00:00;72.278689;72.558917;68.86902;70.361258;1056694
27/05/2024;00:00;70.370302;72.911627;69.339301;69.800538;888018
03/06/2024;00:00;69.610617;70.10803;65.549922;68.172643;1116354
10/06/2024;00:00;68.145511;71.735925;68.036985;70.985284;831509
17/06/2024;00:00;70.976241;74.369185;70.541158;73.278061;845627
24/06/2024;00:00;73.150763;75.214806;72.90526;74.069126;892982
01/07/2024;00:00;74.060033;76.851491;73.996384;75.86948;847091
08/07/2024;00:00;75.605792;76.142261;73.4781;74.7238;972643
15/07/2024;00:00;74.705614;75.087508;70.404768;70.468417;439055
22/07/2024;00:00;70.723012;70.913959;68.240706;68.486208;218743
29/07/2024;00:00;69.122697;70.668456;65.576545;66.549464;287394
05/08/2024;00:00;66.613112;68.913565;64.44905;68.831731;285884
12/08/2024;00:00;68.758989;71.414057;67.758792;68.640784;536231
19/08/2024;00:00;68.622599;68.859009;64.976427;68.158871;1099024
26/08/2024;00:00;68.286169;70.559344;66.704039;66.967728;1276977
02/09/2024;00:00;66.858615;67.658773;61.075659;61.975836;1280142
09/09/2024;00:00;61.948558;63.939859;59.348046;62.957847;1185502
16/09/2024;00:00;62.885106;66.152591;62.421378;65.89364;888265
23/09/2024;00:00;65.94913;66.957187;61.916901;63.479852;1325422
30/09/2024;00:00;63.470604;69.888876;61.343511;68.853074;1703990
07/10/2024;00:00;68.806833;72.561614;66.152591;69.81489;1298843
14/10/2024;00:00;69.407968;69.435713;63.526093;64.127228;735199
21/10/2024;00:00;64.238207;66.988658;63.821652;66.386742;991736
28/10/2024;00:00;63.877214;66.164496;61.784397;64.201322;1170354
04/11/2024;00:00;65.090307;67.488712;64.580993;65.21995;1051180
11/11/2024;00:00;65.053266;65.340333;61.876999;61.997383;844160
18/11/2024;00:00;61.91404;66.220057;61.682534;65.914469;912847
25/11/2024;00:00;66.155235;66.192276;62.849326;63.108613;795979
02/12/2024;00:00;62.969709;65.294032;62.025163;62.201108;889478
09/12/2024;00:00;62.182588;66.136715;62.117766;65.831127;793624
16/12/2024;00:00;66.155235;66.155235;63.700535;64.780521;722190
23/12/2024;00:00;64.612937;65.869817;63.858809;65.413616;418443
30/12/2024;00:00;65.562579;69.221496;65.283273;68.96081;562895
06/01/2025;00:00;68.94219;72.489384;67.815653;71.288366;907870
13/01/2025;00:00;71.260435;75.198659;71.260435;73.249744;1007759
20/01/2025;00:00;73.439093;73.713649;70.068677;70.627257;919371
27/01/2025;00:00;70.570452;71.147967;68.108912;69.879328;1037887
03/02/2025;00:00;70.191754;71.17637;66.679326;67.275776;1111975
10/02/2025;00:00;67.218971;69.756251;66.480509;66.81187;710203
17/02/2025;00:00;66.934947;69.245008;66.385835;66.508912;663704
24/02/2025;00:00;66.082876;67.465125;64.719562;66.224888;794373
03/03/2025;00:00;66.224888;66.840273;61.746779;63.479324;1067143
10/03/2025;00:00;63.536129;64.321928;61.813051;63.611869;645249
17/03/2025;00:00;63.763348;65.254403;62.821027;64.912209;709943
24/03/2025;00:00;64.969242;66.746747;64.589027;65.625113;716383
31/03/2025;00:00;65.995822;68.704854;57.459995;59.2375;1218728
07/04/2025;00:00;58.096855;60.73935;52.39363;58.439049;1564306
14/04/2025;00:00;58.648167;61.599154;57.46247;61.186445;485693
21/04/2025;00:00;61.090467;62.261407;59.055718;60.629769;815181
28/04/2025;00:00;60.936901;61.349609;54.12241;56.032387;1021141
05/05/2025;00:00;54.477532;58.978935;53.076242;58.604617;834045
12/05/2025;00:00;58.921347;61.330414;58.038343;59.977113;574362
19/05/2025;00:00;60.226658;61.747577;57.736245;59.410039;782299
26/05/2025;00:00;59.352322;60.670193;57.476519;58.476947;710490
02/06/2025;00:00;58.784771;62.334367;58.736674;62.305508;882250
09/06/2025;00:00;62.334367;74.666567;61.757197;70.395509;1163894
16/06/2025;00:00;73.627661;74.668429;66.880198;72.99248;1375120
23/06/2025;00:00;76.896454;77.290795;63.094527;64.149388;1345020
30/06/2025;00:00;64.228256;66.623877;63.587453;65.559156;554730
07/07/2025;00:00;64.770475;67.964635;64.474719;67.777323;652877
14/07/2025;00:00;67.708314;68.66459;64.494436;66.347838;464275
21/07/2025;00:00;66.367555;66.80133;63.148356;63.444596;82892
28/07/2025;00:00;63.543342;68.490539;63.434721;65.251656;143333
04/08/2025;00:00;64.876419;65.725639;61.203051;61.726407;176821
11/08/2025;00:00;61.864652;62.743496;60.521701;61.509165;235918
18/08/2025;00:00;61.410419;63.128607;60.679695;62.970613;690869
25/08/2025;00:00;63.079234;64.28394;62.160892;63.207604;576962
01/09/2025;00:00;63.148356;65.202282;60.679695;61.193176;713959
08/09/2025;00:00;61.2228;63.276727;60.916686;61.815279;724765
15/09/2025;00:00;62.180641;63.948203;61.736282;61.933898;573920
22/09/2025;00:00;61.874308;65.966156;61.189023;64.744561;799891
29/09/2025;00:00;64.625381;64.953126;59.987291;60.275309;874727
06/10/2025;00:00;60.722234;62.490072;57.822187;57.84205;793164
13/10/2025;00:00;58.596857;59.758862;56.15;57.25;681065
20/10/2025;00:00;57.32;62.59;55.96;61.44;1153073
27/10/2025;00:00;61.82;62.17;59.64;60.88;827469
03/11/2025;00:00;61.4;61.5;58.83;59.84;774960
10/11/2025;00:00;59.87;61.28;58.12;59.95;748971
